<?xml version="1.0" encoding="UTF-8"?>
<!DOCTYPE hibernate-configuration PUBLIC "-//Hibernate/Hibernate Configuration DTD//EN"
                                        "http://hibernate.sourceforge.net/hibernate-configuration-3.0.dtd">
<hibernate-configuration>
 <session-factory>
 
<property name="hibernate.connection.driver_class">com.mysql.cj.jdbc.Driver</property>
		<property name="hibernate.connection.url">jdbc:mysql://localhost:3306/product</property>
		<property name="hibernate.connection.username">root</property>
		<property name="hibernate.connection.password">root</property>
		<property name="dialect">org.hibernate.dialect.MySQL5Dialect</property>

		<property name="show_sql">true</property>
		<property name="format_sql">true</property>
		
		<property name="hibernate.hbm2ddl.auto">update</property>
  
  		<mapping class="product.app.models.Product"/>
  		<mapping class="product.app.models.Vendor"/>
  		<mapping class="product.app.models.Certification"/>
 
 </session-factory>
</hibernate-configuration>